{"stats":{"minecraft:killed_by":{"jujutsucraft:kumiya_juzo":1},"minecraft:custom":{"minecraft:jump":16,"minecraft:time_since_rest":398,"minecraft:leave_game":1,"minecraft:deaths":1,"minecraft:sprint_one_cm":10367,"minecraft:play_time":1597,"minecraft:damage_taken":324,"minecraft:time_since_death":362,"minecraft:walk_one_cm":2323,"minecraft:sneak_time":13,"minecraft:total_world_time":1597,"minecraft:talked_to_villager":2,"minecraft:fall_one_cm":1047,"minecraft:fly_one_cm":4438}},"DataVersion":3465}