{"stats":{"minecraft:killed":{"jujutsucraft:cursed_spirit_grade_39":1,"minecraft:wolf":4,"jujutsucraft:cursed_spirit_grade_14":1,"minecraft:chicken":1,"naturalist:bluejay":2,"jujutsucraft:liquid_metal":1,"minecraft:rabbit":2,"jujutsucraft:curse_user_1":2,"jujutsucraft:cursed_spirit_grade_34":1},"minecraft:used":{"jujutsucraft:clothes_hakari_kinji_boots":1,"jujutsucraft:uniform_normal_boots":1,"jujutsucraft:clothes_hakari_kinji_leggings":2,"jujutsucraft:clothes_hakari_kinji_helmet":1,"jujutsucraft:uniform_normal_leggings":1,"jujutsucraft:clothes_hakari_kinji_chestplate":2,"jujutsucraft:uniform_normal_chestplate":1},"minecraft:picked_up":{"minecraft:spruce_leaves":1,"minecraft:stone_button":1,"minecraft:golden_sword":1,"minecraft:spectral_arrow":1,"minecraft:iron_axe":1,"minecraft:item_frame":6,"minecraft:bone":1,"minecraft:bow":1,"minecraft:stone_axe":1,"minecraft:gray_wool":64,"minecraft:tall_grass":1},"minecraft:custom":{"minecraft:time_since_rest":40201,"minecraft:sprint_one_cm":178281,"minecraft:damage_taken":142,"minecraft:walk_one_cm":73952,"minecraft:mob_kills":15,"minecraft:interact_with_anvil":5,"minecraft:drop":4,"minecraft:damage_dealt":252,"minecraft:fly_one_cm":564966,"minecraft:play_time":40201,"minecraft:crouch_one_cm":162,"minecraft:sneak_time":144,"minecraft:jump":157,"minecraft:damage_dealt_resisted":11803,"minecraft:leave_game":5,"minecraft:time_since_death":40201,"minecraft:walk_on_water_one_cm":4886,"minecraft:total_world_time":40201,"minecraft:damage_resisted":445,"minecraft:fall_one_cm":8086},"minecraft:dropped":{"minecraft:gray_wool":64,"minecraft:enchanted_golden_apple":21}},"DataVersion":3465}