{"stats":{"minecraft:custom":{"minecraft:time_since_rest":17729,"minecraft:play_time":17729,"minecraft:sprint_one_cm":87130,"minecraft:damage_taken":142,"minecraft:walk_one_cm":44082,"minecraft:sneak_time":5,"minecraft:interact_with_anvil":5,"minecraft:mob_kills":3,"minecraft:drop":4,"minecraft:damage_dealt_resisted":717,"minecraft:jump":93,"minecraft:leave_game":3,"minecraft:walk_on_water_one_cm":580,"minecraft:time_since_death":17729,"minecraft:total_world_time":17729,"minecraft:damage_resisted":445,"minecraft:fall_one_cm":8086,"minecraft:fly_one_cm":76563},"minecraft:killed":{"jujutsucraft:cursed_spirit_grade_39":1,"jujutsucraft:curse_user_1":2},"minecraft:used":{"jujutsucraft:clothes_hakari_kinji_leggings":2,"jujutsucraft:clothes_hakari_kinji_helmet":1,"jujutsucraft:clothes_hakari_kinji_boots":1,"jujutsucraft:clothes_hakari_kinji_chestplate":2},"minecraft:picked_up":{"minecraft:iron_axe":1,"minecraft:spruce_leaves":1,"minecraft:item_frame":6,"minecraft:bone":1,"minecraft:stone_axe":1,"minecraft:bow":1,"minecraft:gray_wool":64,"minecraft:stone_button":1,"minecraft:golden_sword":1,"minecraft:spectral_arrow":1},"minecraft:dropped":{"minecraft:enchanted_golden_apple":21,"minecraft:gray_wool":64}},"DataVersion":3465}