{"stats":{"minecraft:killed":{"jujutsucraft:mimiko":4,"jujutsucraft:cursed_spirit_grade_32":19,"jujutsucraft:transfigured_human_3":2,"jujutsucraft:cursed_spirit_grade_210":2,"jujutsucraft:cursed_spirit_grade_21":1,"minecraft:wolf":6,"jujutsucraft:cursed_spirit_grade_31":6,"jujutsucraft:cursed_spirit_grade_33":38,"jujutsucraft:kukuru":2,"jujutsucraft:charles_bernard":1,"jujutsucraft:cursed_spirit_grade_11":1,"jujutsucraft:nanako":2,"jujutsucraft:jujutsu_sorcerer":2,"naturalist:bluejay":2,"naturalist:firefly":39,"jujutsucraft:doll_1":3,"jujutsucraft:liquid_metal":2,"jujutsucraft:nishimiya_momo":1,"jujutsucraft:cursed_spirit_grade_24":2,"jujutsucraft:itadori_yuji_shinjuku":1,"jujutsucraft:awasaka_jiro":2,"minecraft:rabbit":2,"jujutsucraft:choso":1,"minecraft:bat":14,"jujutsucraft:cursed_spirit_grade_37":1,"jujutsucraft:cursed_spirit_grade_35":8,"jujutsucraft:yoshino_junpei":7,"jujutsucraft:zenin_maki":4,"jujutsucraft:cursed_spirit_grade_318":16,"jujutsucraft:cursed_spirit_grade_211":2,"jujutsucraft:curse_user_1":22,"jujutsucraft:cursed_spirit_grade_316":12,"jujutsucraft:cursed_spirit_grade_26":2,"jujutsucraft:kumiya_juzo":1,"jujutsucraft:cursed_spirit_grade_22":4,"jujutsucraft:curse_user":2,"jujutsucraft:transfigured_human_2":3,"minecraft:squid":3,"jujutsucraft:miwa_kasumi":1,"minecraft:sheep":1,"jujutsucraft:panda_gorilla":6,"jujutsucraft:cursed_spirit_grade_28":1,"jujutsucraft:cursed_spirit_grade_39":26,"jujutsucraft:shigemo_haruta":2,"jujutsucraft:cursed_spirit_grade_314":18,"jujutsucraft:cursed_spirit_grade_312":6,"jujutsucraft:cursed_spirit_grade_313":7,"jujutsucraft:cursed_spirit_grade_14":2,"jujutsucraft:cursed_spirit_grade_311":16,"jujutsucraft:cursed_spirit_grade_310":21,"minecraft:fox":1,"jujutsucraft:negi_toshihisa":4,"minecraft:chicken":1,"jujutsucraft:cursed_spirit_grade_19":1,"jujutsucraft:cursed_spirit_grade_16":3,"jujutsucraft:cursed_spirit_grade_36":35,"jujutsucraft:todo_aoi":1,"jujutsucraft:panda_normal":6,"jujutsucraft:rozetsu_shikigami":2,"jujutsucraft:cursed_spirit_grade_23":2,"jujutsucraft:zenin_ogi":1,"jujutsucraft:moon_dregs":3,"jujutsucraft:cursed_spirit_grade_110":2,"jujutsucraft:cursed_spirit_grade_212":4,"jujutsucraft:cursed_spirit_grade_317":19,"jujutsucraft:cursed_spirit_grade_315":29,"jujutsucraft:cursed_spirit_grade_38":10,"minecraft:warden":36,"jujutsucraft:cursed_spirit_grade_34":40,"jujutsucraft:cursed_spirit_grade_319":15,"jujutsucraft:nanami_kento":2,"jujutsucraft:transfigured_human_1":6,"jujutsucraft:kamo_noritoshi":3,"jujutsucraft:nobara_kugisaki":3,"minecraft:villager":5,"jujutsucraft:cursed_spirit_grade_27":3,"jujutsucraft:mei_mei":1,"jujutsucraft:q":10,"minecraft:cow":1,"jujutsucraft:fushiguro_megumi":2,"jujutsucraft:ogami":1},"minecraft:used":{"jujutsucraft:uniform_normal_boots":1,"jujutsucraft:clothes_hakari_kinji_helmet":1,"jujutsucraft:sukuna_finger":29,"jujutsucraft:clothes_hakari_kinji_chestplate":2,"jujutsucraft:uniform_normal_chestplate":1,"minecraft:warden_spawn_egg":36,"jujutsucraft:clothes_hakari_kinji_boots":1,"jujutsucraft:clothes_hakari_kinji_leggings":2,"jujutsucraft:uniform_normal_leggings":1},"minecraft:picked_up":{"minecraft:spruce_leaves":1,"minecraft:golden_sword":1,"minecraft:dirt":1,"minecraft:iron_axe":1,"minecraft:item_frame":6,"minecraft:bone":1,"minecraft:bow":1,"minecraft:tall_grass":1,"minecraft:sculk_catalyst":18,"minecraft:stone_button":1,"minecraft:spectral_arrow":1,"minecraft:stone_axe":1,"minecraft:grass":1,"minecraft:gray_wool":64,"minecraft:oak_sapling":1},"minecraft:custom":{"minecraft:interact_with_anvil":5,"minecraft:mob_kills":601,"minecraft:damage_dealt_resisted":283736,"minecraft:leave_game":5,"minecraft:time_since_death":52168,"minecraft:damage_resisted":445,"minecraft:time_since_rest":52201,"minecraft:sprint_one_cm":247766,"minecraft:damage_taken":142,"minecraft:walk_one_cm":129286,"minecraft:drop":4,"minecraft:damage_dealt":1462,"minecraft:fly_one_cm":808691,"minecraft:crouch_one_cm":232,"minecraft:play_time":52201,"minecraft:sneak_time":430,"minecraft:jump":201,"minecraft:walk_on_water_one_cm":5456,"minecraft:total_world_time":52201,"minecraft:fall_one_cm":8086},"minecraft:dropped":{"minecraft:enchanted_golden_apple":21,"minecraft:gray_wool":64}},"DataVersion":3465}