{"stats":{"minecraft:killed":{"jujutsucraft:miwa_kasumi":1,"jujutsucraft:mimiko":1,"jujutsucraft:cursed_spirit_grade_32":2,"jujutsucraft:jogo":1,"jujutsucraft:cursed_spirit_grade_28":1,"jujutsucraft:transfigured_human_3":1,"jujutsucraft:cursed_spirit_grade_39":5,"jujutsucraft:cursed_spirit_grade_21":2,"jujutsucraft:inumaki_toge":1,"jujutsucraft:shigemo_haruta":1,"jujutsucraft:cursed_spirit_grade_33":10,"jujutsucraft:cursed_spirit_grade_312":3,"jujutsucraft:cursed_spirit_grade_313":3,"jujutsucraft:cursed_spirit_grade_314":10,"jujutsucraft:ishigori_ryu":1,"jujutsucraft:cursed_spirit_grade_311":3,"jujutsucraft:zenin_chojuro":1,"jujutsucraft:cursed_spirit_grade_310":2,"jujutsucraft:nanako":1,"jujutsucraft:cursed_spirit_grade_15":2,"naturalist:firefly":2,"jujutsucraft:zenin_naoya":1,"jujutsucraft:cursed_spirit_grade_19":2,"jujutsucraft:nishimiya_momo":1,"jujutsucraft:toad":1,"jujutsucraft:cursed_spirit_grade_16":1,"jujutsucraft:cursed_spirit_grade_36":3,"jujutsucraft:todo_aoi":1,"jujutsucraft:panda_normal":1,"jujutsucraft:zenin_jinichi":1,"jujutsucraft:cursed_spirit_grade_08":1,"minecraft:bat":2,"jujutsucraft:cursed_spirit_grade_23":1,"jujutsucraft:cursed_spirit_grade_35":1,"jujutsucraft:kashimo_hajime":1,"jujutsucraft:cursed_spirit_grade_315":6,"jujutsucraft:cursed_spirit_grade_38":1,"jujutsucraft:cursed_spirit_grade_317":5,"jujutsucraft:cursed_spirit_grade_318":3,"jujutsucraft:curse_user_1":3,"jujutsucraft:cursed_spirit_grade_211":2,"jujutsucraft:cursed_spirit_grade_34":9,"jujutsucraft:cursed_spirit_grade_319":7,"jujutsucraft:transfigured_human_2":1,"jujutsucraft:cursed_spirit_grade_22":1,"jujutsucraft:curse_user":1,"jujutsucraft:transfigured_human_1":1,"jujutsucraft:cursed_spirit_grade_03":2,"jujutsucraft:zenin_naoya_cursed_spirit_1":1},"minecraft:used":{"jujutsucraft:clothes_kashimo_hajime_helmet":1,"jujutsucraft:cursed_spirit_grade_315_spawn_egg":1,"minecraft:stone":3,"minecraft:dirt":2,"jujutsucraft:sukuna_finger":22,"jujutsucraft:gojo_satoru_spawn_egg":3,"jujutsucraft:uniform_normal_leggings":1,"jujutsucraft:uniform_normal_chestplate":1,"jujutsucraft:sukuna_fushiguro_spawn_egg":2},"minecraft:picked_up":{"minecraft:stone":3,"jujutsucraft:clothes_todo_aoi_leggings":1,"jujutsucraft:cursed_technique_changer":2,"jujutsucraft:uniform_normal_chestplate":1,"jujutsucraft:inverted_spear_of_heaven":1,"jujutsucraft:uniform_normal_leggings":1,"jujutsucraft:pendant_todo_aoi":1,"jujutsucraft:clothes_kashimo_hajime_helmet":1,"jujutsucraft:sword_of_extermination":1},"minecraft:mined":{"minecraft:oak_leaves":1},"minecraft:custom":{"minecraft:time_since_rest":14417,"minecraft:sprint_one_cm":318530,"minecraft:damage_taken":1465,"minecraft:walk_one_cm":47763,"minecraft:mob_kills":115,"minecraft:damage_dealt":634,"minecraft:fly_one_cm":688172,"minecraft:crouch_one_cm":635,"minecraft:play_time":38400,"minecraft:deaths":1,"minecraft:sneak_time":922,"minecraft:jump":163,"minecraft:damage_dealt_resisted":39900,"minecraft:leave_game":6,"minecraft:time_since_death":14349,"minecraft:total_world_time":38400,"minecraft:damage_resisted":5542,"minecraft:fall_one_cm":4786},"minecraft:killed_by":{"jujutsucraft:gojo_satoru":1}},"DataVersion":3465}