{"stats":{"minecraft:killed":{"minecraft:bat":2,"jujutsucraft:cursed_spirit_grade_39":1,"jujutsucraft:cursed_spirit_grade_35":1,"jujutsucraft:cursed_spirit_grade_313":2,"jujutsucraft:cursed_spirit_grade_318":2,"jujutsucraft:cursed_spirit_grade_317":1,"jujutsucraft:cursed_spirit_grade_319":1,"jujutsucraft:curse_user":1,"jujutsucraft:transfigured_human_1":1},"minecraft:used":{"minecraft:dirt":2,"jujutsucraft:gojo_satoru_spawn_egg":3,"jujutsucraft:uniform_normal_leggings":1,"jujutsucraft:uniform_normal_chestplate":1,"jujutsucraft:sukuna_fushiguro_spawn_egg":2},"minecraft:mined":{"minecraft:oak_leaves":1},"minecraft:custom":{"minecraft:time_since_rest":14225,"minecraft:crouch_one_cm":82,"minecraft:play_time":14225,"minecraft:sprint_one_cm":6224,"minecraft:damage_taken":80,"minecraft:walk_one_cm":7855,"minecraft:sneak_time":686,"minecraft:mob_kills":12,"minecraft:damage_dealt_resisted":3372,"minecraft:jump":28,"minecraft:damage_dealt":0,"minecraft:leave_game":5,"minecraft:time_since_death":14225,"minecraft:total_world_time":14225,"minecraft:fall_one_cm":1823,"minecraft:fly_one_cm":278898}},"DataVersion":3465}