{"stats":{"minecraft:killed":{"minecraft:bat":2,"jujutsucraft:cursed_spirit_grade_39":1,"jujutsucraft:cursed_spirit_grade_35":1,"jujutsucraft:cursed_spirit_grade_313":2,"jujutsucraft:cursed_spirit_grade_318":2,"jujutsucraft:cursed_spirit_grade_317":1,"jujutsucraft:cursed_spirit_grade_319":1,"jujutsucraft:curse_user":1,"jujutsucraft:transfigured_human_1":1},"minecraft:used":{"minecraft:dirt":2,"jujutsucraft:gojo_satoru_spawn_egg":3,"jujutsucraft:uniform_normal_leggings":1,"jujutsucraft:uniform_normal_chestplate":1,"jujutsucraft:sukuna_fushiguro_spawn_egg":2},"minecraft:mined":{"minecraft:oak_leaves":1},"minecraft:custom":{"minecraft:time_since_rest":23483,"minecraft:crouch_one_cm":253,"minecraft:play_time":23483,"minecraft:sprint_one_cm":17152,"minecraft:damage_taken":640,"minecraft:walk_one_cm":18329,"minecraft:sneak_time":899,"minecraft:mob_kills":12,"minecraft:damage_dealt_resisted":3984,"minecraft:jump":39,"minecraft:damage_dealt":0,"minecraft:leave_game":5,"minecraft:time_since_death":23483,"minecraft:total_world_time":23483,"minecraft:damage_resisted":2235,"minecraft:fall_one_cm":2135,"minecraft:fly_one_cm":378994}},"DataVersion":3465}