{"stats":{"minecraft:custom":{"minecraft:time_since_rest":38880,"minecraft:sprint_one_cm":64544,"minecraft:damage_taken":5193,"minecraft:walk_one_cm":312321,"minecraft:mob_kills":93,"minecraft:interact_with_anvil":1,"minecraft:damage_dealt":377,"minecraft:swim_one_cm":2716,"minecraft:fly_one_cm":829693,"minecraft:crouch_one_cm":4973,"minecraft:play_time":38880,"minecraft:sneak_time":795,"minecraft:walk_under_water_one_cm":8562,"minecraft:jump":403,"minecraft:damage_dealt_resisted":99506,"minecraft:time_since_death":38880,"minecraft:leave_game":5,"minecraft:walk_on_water_one_cm":26499,"minecraft:total_world_time":38880,"minecraft:damage_resisted":44665,"minecraft:fall_one_cm":28700},"minecraft:killed":{"jujutsucraft:shikigami_pterosaur":1,"jujutsucraft:mimiko":2,"jujutsucraft:ember_insect":1,"jujutsucraft:cursed_spirit_grade_32":2,"jujutsucraft:cursed_spirit_grade_28":1,"jujutsucraft:cursed_spirit_grade_29":1,"jujutsucraft:jogo":1,"jujutsucraft:cursed_spirit_grade_21":1,"jujutsucraft:cursed_spirit_grade_210":1,"jujutsucraft:cursed_spirit_grade_39":21,"jujutsucraft:cursed_spirit_grade_33":2,"jujutsucraft:cursed_spirit_grade_314":4,"jujutsucraft:cursed_spirit_grade_313":2,"jujutsucraft:cursed_spirit_grade_14":2,"jujutsucraft:cursed_spirit_grade_310":1,"jujutsucraft:cursed_spirit_grade_11":1,"jujutsucraft:charles_bernard":1,"jujutsucraft:cursed_spirit_grade_18":1,"jujutsucraft:cursed_spirit_grade_17":1,"jujutsucraft:cursed_spirit_grade_24":1,"jujutsucraft:cursed_spirit_grade_36":5,"jujutsucraft:awasaka_jiro":2,"jujutsucraft:cursed_spirit_grade_08":1,"jujutsucraft:cursed_spirit_grade_23":1,"jujutsucraft:cursed_spirit_grade_25":1,"jujutsucraft:zenin_maki_culling_game":1,"jujutsucraft:rock_fragment":5,"jujutsucraft:curse_user_1":1,"jujutsucraft:cursed_spirit_grade_26":2,"jujutsucraft:kashimo_hajime":1,"jujutsucraft:cursed_spirit_grade_317":3,"jujutsucraft:cursed_spirit_grade_315":2,"jujutsucraft:hakari_kinji":1,"jujutsucraft:cursed_spirit_grade_34":7,"jujutsucraft:rika_2":1,"jujutsucraft:kumiya_juzo":1,"jujutsucraft:geto_suguru_curse_user":1,"jujutsucraft:transfigured_human_1":1,"jujutsucraft:miyo_rokujushi":1,"jujutsucraft:cursed_spirit_grade_27":1,"jujutsucraft:cursed_spirit_grade_03":1,"minecraft:squid":1},"minecraft:used":{"naturalist:bass":2,"jujutsucraft:uniform_normal_boots":1,"minecraft:anvil":1,"jujutsucraft:uniform_normal_leggings":1,"jujutsucraft:uniform_normal_chestplate":1},"minecraft:picked_up":{"minecraft:stone":11,"jujutsucraft:uniform_normal_boots":1,"minecraft:torch":1,"jujutsucraft:clothes_geto_boots":1,"minecraft:heavy_weighted_pressure_plate":1,"minecraft:dirt":5,"naturalist:bass":1,"minecraft:coal_ore":2,"minecraft:enchanted_golden_apple":21,"jujutsucraft:mahito_hand_2":1},"minecraft:mined":{"minecraft:spruce_leaves":3}},"DataVersion":3465}