{"stats":{"minecraft:custom":{"minecraft:time_since_rest":18689,"minecraft:play_time":18689,"minecraft:sprint_one_cm":17616,"minecraft:damage_taken":501,"minecraft:walk_one_cm":97928,"minecraft:sneak_time":24,"minecraft:interact_with_anvil":1,"minecraft:walk_under_water_one_cm":1883,"minecraft:mob_kills":14,"minecraft:damage_dealt_resisted":13974,"minecraft:jump":162,"minecraft:damage_dealt":377,"minecraft:leave_game":3,"minecraft:walk_on_water_one_cm":5686,"minecraft:time_since_death":18689,"minecraft:total_world_time":18689,"minecraft:damage_resisted":3847,"minecraft:fall_one_cm":11535,"minecraft:fly_one_cm":313928},"minecraft:killed":{"jujutsucraft:cursed_spirit_grade_24":1,"jujutsucraft:mimiko":2,"jujutsucraft:cursed_spirit_grade_32":2,"jujutsucraft:awasaka_jiro":1,"jujutsucraft:cursed_spirit_grade_21":1,"jujutsucraft:cursed_spirit_grade_317":1,"jujutsucraft:kashimo_hajime":1,"jujutsucraft:cursed_spirit_grade_27":1,"jujutsucraft:charles_bernard":1,"jujutsucraft:cursed_spirit_grade_36":2},"minecraft:used":{"naturalist:bass":2,"minecraft:anvil":1,"jujutsucraft:uniform_normal_leggings":1,"jujutsucraft:uniform_normal_boots":1,"jujutsucraft:uniform_normal_chestplate":1},"minecraft:picked_up":{"naturalist:bass":1,"minecraft:stone":1,"minecraft:torch":1,"minecraft:heavy_weighted_pressure_plate":1},"minecraft:mined":{"minecraft:spruce_leaves":3}},"DataVersion":3465}