{"stats":{"minecraft:custom":{"minecraft:time_since_rest":26364,"minecraft:sprint_one_cm":45361,"minecraft:damage_taken":2055,"minecraft:walk_one_cm":212190,"minecraft:mob_kills":65,"minecraft:interact_with_anvil":1,"minecraft:damage_dealt":377,"minecraft:swim_one_cm":208,"minecraft:fly_one_cm":649907,"minecraft:crouch_one_cm":4952,"minecraft:play_time":26364,"minecraft:sneak_time":774,"minecraft:walk_under_water_one_cm":4724,"minecraft:jump":294,"minecraft:damage_dealt_resisted":47992,"minecraft:leave_game":3,"minecraft:time_since_death":26364,"minecraft:walk_on_water_one_cm":23547,"minecraft:damage_resisted":20437,"minecraft:total_world_time":26364,"minecraft:fall_one_cm":20203},"minecraft:killed":{"jujutsucraft:shikigami_pterosaur":1,"jujutsucraft:mimiko":2,"jujutsucraft:ember_insect":1,"jujutsucraft:cursed_spirit_grade_32":2,"jujutsucraft:cursed_spirit_grade_29":1,"jujutsucraft:cursed_spirit_grade_28":1,"jujutsucraft:jogo":1,"jujutsucraft:cursed_spirit_grade_210":1,"jujutsucraft:cursed_spirit_grade_39":18,"jujutsucraft:cursed_spirit_grade_21":1,"jujutsucraft:cursed_spirit_grade_33":2,"jujutsucraft:cursed_spirit_grade_313":2,"jujutsucraft:cursed_spirit_grade_14":2,"jujutsucraft:cursed_spirit_grade_310":1,"jujutsucraft:cursed_spirit_grade_11":1,"jujutsucraft:charles_bernard":1,"jujutsucraft:cursed_spirit_grade_18":1,"jujutsucraft:cursed_spirit_grade_17":1,"jujutsucraft:cursed_spirit_grade_36":3,"jujutsucraft:cursed_spirit_grade_24":1,"jujutsucraft:awasaka_jiro":1,"jujutsucraft:cursed_spirit_grade_08":1,"jujutsucraft:rock_fragment":5,"jujutsucraft:cursed_spirit_grade_317":1,"jujutsucraft:kashimo_hajime":1,"jujutsucraft:cursed_spirit_grade_34":6,"jujutsucraft:cursed_spirit_grade_26":2,"jujutsucraft:geto_suguru_curse_user":1,"jujutsucraft:cursed_spirit_grade_27":1,"jujutsucraft:cursed_spirit_grade_03":1},"minecraft:used":{"naturalist:bass":2,"jujutsucraft:uniform_normal_boots":1,"minecraft:anvil":1,"jujutsucraft:uniform_normal_leggings":1,"jujutsucraft:uniform_normal_chestplate":1},"minecraft:picked_up":{"minecraft:stone":11,"jujutsucraft:uniform_normal_boots":1,"minecraft:torch":1,"jujutsucraft:clothes_geto_boots":1,"minecraft:heavy_weighted_pressure_plate":1,"minecraft:dirt":2,"naturalist:bass":1,"minecraft:coal_ore":2,"minecraft:enchanted_golden_apple":21,"jujutsucraft:mahito_hand_2":1},"minecraft:mined":{"minecraft:spruce_leaves":3}},"DataVersion":3465}