{
  "jujutsucraft:jujutsu_craft_skills": {
    "criteria": {
      "jujutsu_craft_skills_0": "2024-07-28 05:41:42 +0000"
    },
    "done": true
  },
  "jujutsucraft:sorcerer_grade_2_semi": {
    "criteria": {
      "sorcerer_grade_2_semi_0": "2024-07-28 05:45:14 +0000"
    },
    "done": true
  },
  "jujutsucraft:skill_divine_dog_totality": {
    "criteria": {
      "skill_divine_dog_totality_0": "2024-07-28 05:41:43 +0000"
    },
    "done": true
  },
  "jujutsucraft:sorcerer_grade_4": {
    "criteria": {
      "sorcerer_grade_4_0": "2024-07-28 05:45:13 +0000"
    },
    "done": true
  },
  "jujutsucraft:sorcerer_grade_1": {
    "criteria": {
      "sorcerer_grade_1_0": "2024-07-28 05:45:14 +0000"
    },
    "done": true
  },
  "jujutsucraft:sorcerer_grade_2": {
    "criteria": {
      "sorcerer_grade_2_0": "2024-07-28 05:45:14 +0000"
    },
    "done": true
  },
  "jujutsucraft:sorcerer_grade_3": {
    "criteria": {
      "sorcerer_grade_3_0": "2024-07-28 05:45:13 +0000"
    },
    "done": true
  },
  "repurposed_structures:root": {
    "criteria": {
      "always": "2024-07-28 05:41:43 +0000"
    },
    "done": true
  },
  "minecraft:recipes/decorations/crafting_table": {
    "criteria": {
      "unlock_right_away": "2024-07-28 05:41:43 +0000"
    },
    "done": true
  },
  "minecraft:recipes/decorations/chest": {
    "criteria": {
      "has_lots_of_items": "2024-07-28 05:45:44 +0000"
    },
    "done": true
  },
  "naturalist:recipes/food/cooked_egg": {
    "criteria": {
      "has_eggs": "2024-07-28 05:41:42 +0000"
    },
    "done": true
  },
  "jujutsucraft:battle_advancements": {
    "criteria": {
      "battle_advancements_0": "2024-07-28 05:41:43 +0000"
    },
    "done": true
  },
  "jujutsucraft:completely_physically_gifted": {
    "criteria": {
      "completely_physically_gifted_0": "2024-07-28 05:45:56 +0000"
    },
    "done": true
  },
  "jujutsucraft:sorcerer_grade_special": {
    "criteria": {
      "sorcerer_grade_special_0": "2024-07-28 05:45:20 +0000"
    },
    "done": true
  },
  "jjkf:jjkf": {
    "criteria": {
      "jjkf_0": "2024-07-28 05:41:43 +0000"
    },
    "done": true
  },
  "lootr:root": {
    "criteria": {
      "always_true": "2024-07-28 05:41:43 +0000"
    },
    "done": true
  },
  "jujutsucraft:update": {
    "criteria": {
      "update_0": "2024-07-28 05:45:56 +0000"
    },
    "done": true
  },
  "jujutsucraftaddon:welcome_to_jujutsu_plus": {
    "criteria": {
      "welcome_to_jujutsu_plus_0": "2024-07-28 05:41:42 +0000"
    },
    "done": true
  },
  "jujutsucraft:advancement_insect": {
    "criteria": {
      "advancement_insect_0": "2024-07-28 05:44:26 +0000"
    },
    "done": true
  },
  "jujutsucraft:observation_of_the_soul": {
    "criteria": {
      "observation_of_the_soul_0": "2024-07-28 05:45:56 +0000"
    },
    "done": true
  },
  "jujutsucraft:skill_merged_beast_agito": {
    "criteria": {
      "skill_merged_beast_agito_0": "2024-07-28 05:41:43 +0000"
    },
    "done": true
  },
  "jujutsucraft:start_jujutsu_craft": {
    "criteria": {
      "start_jujutsu_craft_0": "2024-07-28 05:41:42 +0000"
    },
    "done": true
  },
  "minecraft:adventure/adventuring_time": {
    "criteria": {
      "minecraft:taiga": "2024-07-28 05:43:44 +0000",
      "minecraft:forest": "2024-07-28 05:41:44 +0000"
    },
    "done": false
  },
  "parcool:grant_parcool_guide": {
    "criteria": {
      "tick": "2024-07-28 05:41:43 +0000"
    },
    "done": true
  },
  "jujutsucraft:sorcerer_grade_1_semi": {
    "criteria": {
      "sorcerer_grade_1_semi_0": "2024-07-28 05:45:14 +0000"
    },
    "done": true
  },
  "DataVersion": 3465
}